{"stats":{"minecraft:killed":{"minecraft:pig":1},"minecraft:picked_up":{"minecraft:dark_oak_log":8,"minecraft:dirt":1,"minecraft:porkchop":3},"minecraft:crafted":{"minecraft:dark_oak_planks":28},"minecraft:custom":{"minecraft:jump":63,"minecraft:time_since_rest":7814,"minecraft:damage_dealt":110,"minecraft:crouch_one_cm":742,"minecraft:play_one_minute":7814,"minecraft:leave_game":2,"minecraft:sprint_one_cm":8222,"minecraft:walk_one_cm":8222,"minecraft:time_since_death":7814,"minecraft:sneak_time":465,"minecraft:mob_kills":1,"minecraft:fall_one_cm":1672,"minecraft:fly_one_cm":8698},"minecraft:mined":{"minecraft:tall_grass":3,"minecraft:grass":6,"minecraft:grass_block":1,"minecraft:dark_oak_log":8}},"DataVersion":2586}