{"stats":{"minecraft:picked_up":{"minecraft:dark_oak_log":6,"minecraft:dirt":1},"minecraft:custom":{"minecraft:jump":31,"minecraft:time_since_rest":3008,"minecraft:damage_dealt":10,"minecraft:crouch_one_cm":742,"minecraft:play_one_minute":3008,"minecraft:leave_game":1,"minecraft:sprint_one_cm":4625,"minecraft:time_since_death":3008,"minecraft:walk_one_cm":2742,"minecraft:sneak_time":402,"minecraft:fall_one_cm":836,"minecraft:fly_one_cm":5098},"minecraft:mined":{"minecraft:grass":2,"minecraft:tall_grass":1,"minecraft:grass_block":1,"minecraft:dark_oak_log":6}},"DataVersion":2586}