{"stats":{"minecraft:killed":{"minecraft:pig":4,"minecraft:spider":1,"minecraft:iron_golem":1,"minecraft:sheep":3,"minecraft:skeleton":3,"minecraft:chicken":1},"minecraft:used":{"minecraft:oak_trapdoor":2,"minecraft:water_bucket":15,"minecraft:oak_planks":51,"minecraft:chest":1,"minecraft:wooden_pickaxe":24,"minecraft:iron_sword":76,"minecraft:stonecutter":1,"minecraft:iron_chestplate":1,"minecraft:torch":3,"minecraft:white_wool":3,"minecraft:dirt":22,"minecraft:white_carpet":2,"minecraft:crafting_table":1,"minecraft:shears":2,"minecraft:lever":2,"minecraft:apple":7,"minecraft:string":4,"minecraft:gravel":15,"minecraft:tripwire_hook":2,"minecraft:cobblestone":9,"minecraft:porkchop":6,"minecraft:bucket":16},"minecraft:dropped":{"minecraft:wheat_seeds":1},"minecraft:crafted":{"minecraft:oak_planks":32,"minecraft:tripwire_hook":2,"minecraft:crafting_table":1,"minecraft:wooden_pickaxe":1,"minecraft:lever":1,"minecraft:bucket":1,"minecraft:oak_trapdoor":2,"minecraft:oak_boat":1,"minecraft:stick":4,"minecraft:chest":1,"minecraft:shears":1},"minecraft:picked_up":{"minecraft:feather":1,"minecraft:chicken":1,"minecraft:tripwire_hook":2,"minecraft:oak_log":8,"minecraft:shield":1,"minecraft:string":16,"minecraft:dirt":59,"minecraft:white_carpet":2,"minecraft:bone":1,"minecraft:apple":7,"minecraft:stonecutter":1,"minecraft:wheat_seeds":9,"minecraft:iron_ingot":7,"minecraft:poppy":2,"minecraft:oak_planks":67,"minecraft:egg":1,"minecraft:stick":3,"minecraft:torch":3,"minecraft:gravel":28,"minecraft:porkchop":6,"minecraft:arrow":1,"minecraft:lever":2,"minecraft:oak_sapling":3,"minecraft:mutton":5,"minecraft:white_wool":3,"minecraft:cobblestone":16},"minecraft:custom":{"minecraft:interact_with_furnace":1,"minecraft:mob_kills":13,"minecraft:interact_with_crafting_table":16,"minecraft:leave_game":3,"minecraft:time_since_death":38617,"minecraft:climb_one_cm":608,"minecraft:time_since_rest":38617,"minecraft:sprint_one_cm":110988,"minecraft:damage_taken":369,"minecraft:walk_one_cm":115380,"minecraft:drop":1,"minecraft:damage_dealt":3636,"minecraft:fly_one_cm":93593,"minecraft:open_chest":7,"minecraft:crouch_one_cm":7314,"minecraft:play_time":38617,"minecraft:sneak_time":3203,"minecraft:walk_under_water_one_cm":6350,"minecraft:jump":596,"minecraft:walk_on_water_one_cm":13266,"minecraft:total_world_time":38617,"minecraft:fall_one_cm":14822},"minecraft:mined":{"minecraft:torch":3,"minecraft:lever":1,"minecraft:grass_block":18,"minecraft:tall_grass":9,"minecraft:cobblestone":9,"minecraft:oak_planks":10,"minecraft:spawner":1,"minecraft:ice":1,"minecraft:white_carpet":2,"minecraft:grass":27,"minecraft:oak_log":8,"minecraft:dirt_path":1,"minecraft:gravel":1,"minecraft:dirt":16,"minecraft:cobweb":5,"minecraft:tripwire_hook":2,"minecraft:stonecutter":1,"minecraft:stone":7,"minecraft:white_wool":3,"minecraft:oak_leaves":4}},"DataVersion":3105}