{"stats":{"minecraft:killed":{"minecraft:iron_golem":3,"minecraft:creeper":1,"minecraft:zombie":5},"minecraft:used":{"minecraft:stone_pickaxe":13,"minecraft:ladder":6,"minecraft:poppy":2,"minecraft:oak_planks":72,"minecraft:chest":1,"minecraft:wooden_pickaxe":12,"minecraft:composter":1,"minecraft:stonecutter":1,"minecraft:bell":1,"minecraft:fletching_table":4,"minecraft:iron_chestplate":1,"minecraft:torch":3,"minecraft:dirt":28,"minecraft:crafting_table":2,"minecraft:white_bed":7,"minecraft:oak_log":1,"minecraft:apple":6,"minecraft:iron_axe":22,"minecraft:bread":5,"minecraft:gravel":8,"minecraft:stone_axe":101,"minecraft:cobblestone":8,"minecraft:oak_sapling":4,"minecraft:furnace":4,"minecraft:grindstone":1,"minecraft:bucket":1,"minecraft:yellow_bed":1},"minecraft:dropped":{"minecraft:gravel":27,"minecraft:iron_ingot":2,"minecraft:bread":26,"minecraft:oak_planks":57,"minecraft:apple":7,"minecraft:shield":1},"minecraft:crafted":{"minecraft:oak_planks":300,"minecraft:emerald":4,"minecraft:crafting_table":2,"minecraft:wooden_pickaxe":1,"minecraft:fletching_table":3,"minecraft:bucket":1,"minecraft:stone_axe":1,"minecraft:bread":36,"minecraft:air":0,"minecraft:charcoal":12,"minecraft:shield":2,"minecraft:iron_axe":1,"minecraft:ladder":6,"minecraft:stick":148,"minecraft:iron_ingot":3,"minecraft:stone_pickaxe":1,"minecraft:chest":1,"minecraft:white_bed":1,"minecraft:wheat":108},"minecraft:picked_up":{"minecraft:stripped_oak_log":16,"minecraft:crafting_table":1,"minecraft:potato":3,"minecraft:flint":6,"minecraft:oak_log":72,"minecraft:yellow_bed":1,"minecraft:dirt":28,"minecraft:string":1,"minecraft:bone":1,"minecraft:stonecutter":1,"minecraft:wheat_seeds":14,"minecraft:bell":1,"minecraft:grindstone":1,"minecraft:iron_ingot":12,"minecraft:poppy":2,"minecraft:fletching_table":1,"minecraft:oak_planks":5,"minecraft:furnace":4,"minecraft:stick":2,"minecraft:raw_iron":3,"minecraft:composter":2,"minecraft:torch":3,"minecraft:gravel":35,"minecraft:white_bed":6,"minecraft:carrot":9,"minecraft:rotten_flesh":2,"minecraft:hay_block":12,"minecraft:oak_sapling":2,"minecraft:white_wool":3,"minecraft:cobblestone":14},"minecraft:custom":{"minecraft:interact_with_furnace":20,"minecraft:mob_kills":9,"minecraft:traded_with_villager":4,"minecraft:interact_with_crafting_table":14,"minecraft:bell_ring":7,"minecraft:leave_game":1,"minecraft:time_since_death":39267,"minecraft:sleep_in_bed":1,"minecraft:climb_one_cm":2475,"minecraft:time_since_rest":32597,"minecraft:sprint_one_cm":69428,"minecraft:damage_taken":143,"minecraft:walk_one_cm":109551,"minecraft:drop":64,"minecraft:damage_dealt":2987,"minecraft:talked_to_villager":5,"minecraft:fly_one_cm":147439,"minecraft:open_chest":6,"minecraft:crouch_one_cm":5097,"minecraft:play_time":39267,"minecraft:sneak_time":2825,"minecraft:jump":737,"minecraft:walk_on_water_one_cm":283,"minecraft:total_world_time":39267,"minecraft:fall_one_cm":23624},"minecraft:broken":{"minecraft:stone_axe":1},"minecraft:mined":{"minecraft:white_bed":6,"minecraft:glass_pane":1,"minecraft:crafting_table":1,"minecraft:torch":3,"minecraft:grass_block":16,"minecraft:tall_grass":1,"minecraft:cobblestone":3,"minecraft:composter":2,"minecraft:grindstone":1,"minecraft:oak_planks":5,"minecraft:hay_block":12,"minecraft:furnace":4,"minecraft:carrots":9,"minecraft:iron_ore":3,"minecraft:wheat":13,"minecraft:ice":2,"minecraft:fletching_table":1,"minecraft:yellow_bed":1,"minecraft:bell":1,"minecraft:grass":33,"minecraft:potatoes":3,"minecraft:oak_log":72,"minecraft:dirt_path":3,"minecraft:gravel":41,"minecraft:dirt":9,"minecraft:stripped_oak_log":16,"minecraft:stonecutter":1,"minecraft:stone":11,"minecraft:oak_leaves":2}},"DataVersion":3105}