{
  "minecraft:recipes/misc/charcoal": {
    "criteria": {
      "has_log": "2024-08-03 01:18:36 +0000"
    },
    "done": true
  },
  "minecraft:recipes/building_blocks/dark_oak_wood": {
    "criteria": {
      "has_log": "2024-08-03 01:18:36 +0000"
    },
    "done": true
  },
  "minecraft:recipes/building_blocks/dark_oak_planks": {
    "criteria": {
      "has_log": "2024-08-03 01:18:36 +0000"
    },
    "done": true
  },
  "minecraft:adventure/adventuring_time": {
    "criteria": {
      "minecraft:plains": "2024-08-03 01:17:26 +0000"
    },
    "done": false
  },
  "DataVersion": 2586
}